,train_accuracy,test_accuracy
SVC,0.73775,0.726375
LGR,0.73775,0.726375
LGBM,0.77125,0.722875
