,train_accuracy,test_accuracy
SVC,0.7055,0.6155
LGR,0.554125,0.570875
LGBM,0.75775,0.6735
