,0,1,accuracy,macro avg,weighted avg
precision,0.7331949130547625,0.4523809523809524,0.722875,0.5927879327178575,0.6563571930653911
recall,0.9722939253140596,0.060758337140246685,0.722875,0.5165261312271531,0.722875
f1-score,0.8359843160464601,0.10712847362062022,0.722875,0.47155639483354017,0.6365511361626897
support,5811.0,2189.0,0.722875,8000.0,8000.0
