,0,1,accuracy,macro avg,weighted avg
precision,0.726375,0.0,0.726375,0.3631875,0.5276206406249999
recall,1.0,0.0,0.726375,0.5,0.726375
f1-score,0.8415031496633119,0.0,0.726375,0.42075157483165593,0.6112468503366881
support,5811.0,2189.0,0.726375,8000.0,8000.0
